Date,Open,High,Low,Close,    Volume
1/2/19,609.98,612,595.01,598.98,6228649
1/3/19,599.97,601.66,585.8,590,3097735
1/4/19,587.28,607.67,582.02,602,3768347
1/7/19,608,612,602.22,605.49,3475013
1/8/19,605.5,612,600.28,604.79,2883813
1/9/19,609.99,626.16,609.04,616.12,4989227
1/10/19,617.13,624.88,610.25,618.77,2904390
1/11/19,625,637,618.75,635.88,3888421
1/14/19,633,635.89,621.55,624.6,2564890
1/15/19,627.86,661.5,625,659.98,5576485
1/16/19,658,665.65,653.6,661.1,4208364
1/17/19,663,669.7,655.8,659.25,3028476
1/18/19,665,690.2,661.5,683.61,6860918
1/21/19,690,698.88,681.88,686.98,4705193
1/22/19,686,686,665.22,671,4212221
1/23/19,667.22,674.5,663.13,665.66,3362481
1/24/19,670.3,677.83,664.68,672.5,2915527
1/25/19,675.88,684.9,669.93,679.7,2898635
1/28/19,684,693.98,676.03,677,3610287
1/29/19,677.5,688,668,685,3034259
1/30/19,684.99,686.22,676,676,2269996
1/31/19,680,689.6,677.56,689.6,3669657
2/1/19,697.04,699,689.61,692.67,3052062
2/11/19,695,729.5,688.18,725.3,5814075
2/12/19,723,725.49,715.2,717.92,3509143
2/13/19,723,736.16,717.22,735.25,3567706
2/14/19,731.2,743.66,730.14,737.16,3225813
2/15/19,734.88,734.88,723.02,724.78,2323798
2/18/19,731,744.95,731,740,3774589
2/19/19,740.96,742.5,726.66,730.76,2950150
2/20/19,735,735,716.06,722,3788237
2/21/19,720,730.48,717,720.25,2985040
2/22/19,717,728.49,714.1,726.01,2590877
2/25/19,730.75,744.44,717.99,742.33,8262259
2/26/19,747.8,749.18,726,727.35,5796466
2/27/19,733,758.02,731,740.7,6594227
2/28/19,737.9,763.42,736.95,755.01,5698625
3/1/19,761.5,790,761,789.3,6384023
3/4/19,795,798.33,777.22,781.86,8458596
3/5/19,785,789.55,775.88,779.78,4483056
3/6/19,775,779.5,765.88,768,4673137
3/7/19,762.22,762.22,745.56,748.6,6018053
3/8/19,737.9,746.83,733.65,737.5,5227525
3/11/19,740.04,766.95,740.04,758.54,5305724
3/12/19,763.82,763.83,739,745.01,5251001
3/13/19,745.5,760.75,745.5,754,4056136
3/14/19,757,785,754,778,6217256
3/15/19,776,787.5,764.85,777.3,5240071
3/18/19,778.8,814.53,777,810.09,8131880
3/19/19,803,807.92,792.3,792.61,4063493
3/20/19,790,802.3,785,792.8,3111752
3/21/19,788,792.8,781.5,785.75,3257328
3/22/19,788.22,799.98,785,794,3051750
3/25/19,786,788,773.3,775.6,3727046
3/26/19,780,785.94,764.1,773,3759569
3/27/19,781,793.88,775,788.5,4280739
3/28/19,793.43,814.48,785.68,806.8,5756676
3/29/19,835,866.68,830.17,853.99,9093396
4/1/19,860,868.95,851,859,6093461
4/2/19,859.99,859.99,836.06,850,5322705
4/3/19,840.12,851.74,834.21,844.5,4305680
4/4/19,840,865.8,836.2,865,5577236
4/8/19,900,908,890.12,900.2,6625193
4/9/19,903,908.2,892.51,905,4798980
4/10/19,903,951.9,900,947.99,6781438
4/11/19,948,950,905.55,925.2,6110254
4/12/19,909,919.99,900.01,914,4861217
4/15/19,931,939,907,907,4552264
4/16/19,904.9,939.9,901.22,939.9,4642344
4/17/19,938,955.51,925,952,4076102
4/18/19,945.41,954.68,936.22,945.5,1959852
4/19/19,943.96,960.95,931.31,952.56,3237978
4/22/19,959.5,978.89,940.61,949.2,4062796
4/23/19,951,981.22,949.2,974.95,4885205
4/24/19,979.88,990,951.22,970,4522700
4/25/19,968.79,973.99,951.22,952.37,3980134
4/26/19,946.3,959.88,945,945,4327768
4/29/19,945,989,935,971.97,5257230
4/30/19,968,984.96,963.11,974,3594318
5/6/19,925.5,935,893,906,13509968
5/7/19,893.28,913.94,870.22,890,10083726
5/8/19,860,901.8,860,884.4,8188298
5/9/19,875,879.87,842.5,858.81,9154515
5/10/19,875.66,910.78,868.19,907.12,7990738
5/13/19,898.86,910.98,884,892,4663718
5/14/19,885,906,873,886.57,5998312
5/15/19,890.24,933,890.24,927,6312425
5/16/19,919,932,905,929.91,4454012
5/17/19,927.02,932.3,900.1,906.79,4984161
5/20/19,900,900,871,884.96,4440799
5/21/19,885,910,872.02,895,4238565
5/22/19,894.98,904,880,888,3204158
5/23/19,881,883.98,856.22,861,5805863
5/24/19,865,885,864.44,878.5,4403409
5/27/19,879.1,882.99,860.05,879,3916191
5/28/19,877.99,907.49,875.02,888,7477277
5/29/19,888.01,924.95,888.01,911.91,6564696
5/30/19,910,919.99,891.22,905.3,4024720
5/31/19,900.53,906.99,890,890,3579380
6/3/19,892,901.35,886.28,892,3447924
6/4/19,895,895.43,871,875.3,3968948
6/5/19,884,886.26,870,871.6,3406736
6/6/19,875.62,875.77,858,862.13,3478685
6/10/19,857.98,878.95,840,871.08,5550246
6/11/19,876,915.61,875,910.89,8010644
6/12/19,906.22,910.99,894,906.7,3774740
6/13/19,910,912.3,897,910,3291742
6/14/19,911,932.3,910.02,913,4245504
6/17/19,907,926.94,906.02,911.6,3276903
6/18/19,917,920,902.6,917,2944138
6/19/19,940,946.7,932.01,932.01,5372640
6/20/19,932.5,975.5,932.2,975,6727197
6/21/19,969.97,984.49,964.5,976.3,4592675
6/24/19,978.3,999.69,975,987.1,4577920
6/25/19,992,999,967,982.98,5129595
6/26/19,985,985,971.22,979.86,2958818
6/27/19,985,1001,981.12,996.35,4797845
6/28/19,985.99,988.88,971.33,984,3108840
7/1/19,1004.52,1035.6,1000.22,1031.86,5233723
7/2/19,1025,1029.5,1016,1025,3906109
7/3/19,1020,1023,981.5,987.9,6713932
7/4/19,985.8,990.8,971.22,981.2,4621668
7/5/19,986,1006,976.3,999.82,5003271
7/8/19,995.05,997.9,975,984.86,3361352
7/9/19,979.3,989,968.35,976.06,3172332
7/10/19,980.93,990.58,977,982.52,2816670
7/11/19,989.96,998.38,976,981.5,3051419
7/12/19,981.3,991.5,980.01,986.09,2817385
7/15/19,967.8,980.1,951.13,975.93,5987040
7/16/19,975.45,982.3,965,968,3324524
7/17/19,968,972.99,962.13,963.5,2546887
7/18/19,961.5,963,947.18,947.5,3925295
7/19/19,955,960.8,948,955.87,2801481
7/22/19,960,964,950.25,957.02,2812549
7/23/19,962.3,962.59,943.86,953.98,3248395
7/24/19,958.31,959.9,944.69,946.36,4677120
7/25/19,945.97,963.36,938.15,963,3825570
7/26/19,961.97,971,958.55,965.03,2646759
7/29/19,962.03,979.5,960.01,976.41,2698133
7/30/19,976.5,983,971,978.93,1953797
7/31/19,975,981.77,966.59,972.6,2252620
8/1/19,976.51,977,953.02,959.3,3508952
8/2/19,944,957.98,943,954.45,3971940
8/5/19,945,954,940,942.43,3677431
8/6/19,931,948,923.8,946.3,4399116
8/7/19,949.5,955.53,945,945,2686998
8/8/19,953.5,974,952,971.68,3880813
8/9/19,978.5,980.95,958.99,962.03,2846170
8/12/19,1010.31,1020.1,995.01,1018.63,8149895
8/13/19,1016.16,1026,1010.68,1017.95,3032970
8/14/19,1030.02,1051.9,1030.02,1043.33,4141095
8/15/19,1028,1046.48,1028,1044.9,2723739
8/16/19,1049.84,1075.58,1041,1054.6,3608673
8/19/19,1061,1069.98,1049.05,1055.88,3286758
8/20/19,1055,1073.68,1050,1070,2860213
8/21/19,1070.1,1076.97,1061.66,1066,2506662
8/22/19,1072.99,1104,1070,1104,3759078
8/23/19,1105,1133.56,1095.62,1130.1,4019230
8/26/19,1113,1128,1096.68,1102.95,4849789
8/27/19,1117,1131.31,1109,1109,5216421
8/28/19,1109,1123.19,1083.01,1100.11,4700967
8/29/19,1105,1118.18,1092.5,1113.1,2933042
8/30/19,1125,1146,1123,1142,4489077
9/2/19,1139.99,1144.98,1129,1138.76,2823433
9/3/19,1140,1151.02,1128.56,1140,2948509
9/4/19,1140.8,1142.91,1120.11,1125.01,3360022
9/5/19,1129,1144.9,1128,1144,3293084
9/6/19,1144.5,1146.15,1131,1142.49,2617659
9/9/19,1145,1148,1135,1136.52,2937934
9/10/19,1134.3,1135,1120.01,1123.85,2622707
9/11/19,1119.22,1119.97,1068,1069.52,8171654
9/12/19,1066,1109.98,1066,1099,4121133
9/16/19,1083,1103.95,1083,1099,3137180
9/17/19,1094,1106.66,1087,1094.01,2519693
9/18/19,1108.5,1150,1108.18,1148.9,6931447
9/19/19,1148,1150,1137.1,1145,2447980
9/20/19,1151,1160,1147.59,1157.42,3762666
9/23/19,1157,1157,1131,1149,3002633
9/24/19,1155,1184.9,1152,1184,3626913
9/25/19,1180,1188.87,1170.5,1174,2402458
9/26/19,1174.94,1183.35,1158.81,1167,2608194
9/27/19,1164,1183,1153,1174.75,2282661
9/30/19,1163,1169.43,1150,1150,3082514
10/8/19,1153,1180,1152.01,1167.1,3104527
10/9/19,1166.2,1166.2,1135.05,1146.81,3578857
10/10/19,1127,1158.93,1109.02,1155,4117370
10/11/19,1157,1175,1152.21,1174.6,2868925
10/14/19,1186,1187.66,1170,1180,2718751
10/15/19,1180,1215.68,1177.03,1211,4003473
10/16/19,1168,1187.5,1160,1170,5915059
10/17/19,1176,1186.66,1162.5,1183.33,3050870
10/18/19,1179,1189.99,1171.69,1175.79,2829161
10/21/19,1171.86,1178.9,1163.3,1168.5,2527467
10/22/19,1178,1181.5,1163.89,1170.8,1930943
10/23/19,1168,1178,1156.11,1158.91,2308021
10/24/19,1164.95,1166,1147.16,1150.27,2617844
10/25/19,1153.3,1172.5,1143.03,1171.35,2599845
10/28/19,1166.01,1181.01,1165,1178.29,2248599
10/29/19,1181.11,1199.96,1177.77,1193,2780371
10/30/19,1190,1192.7,1176,1183.8,2125475
10/31/19,1196,1198,1176.15,1180.01,2590927
11/1/19,1181,1191.95,1172.5,1185,2281196
11/4/19,1190,1209.99,1189,1199.59,2673798
11/5/19,1199.5,1205,1192,1199,2225472
11/6/19,1197,1204,1188.88,1193,1973751
11/7/19,1196.51,1201.88,1189,1201.37,1616788
11/8/19,1205,1215.65,1201.51,1205,2451211
11/11/19,1201.5,1206.2,1193.51,1199,1734246
11/12/19,1204,1209.6,1198.21,1201.6,1915055
11/13/19,1207,1227.8,1200,1224,3197704
11/14/19,1227,1240,1222,1230,2352112
11/15/19,1230,1232.91,1221.5,1224.9,1634072
11/18/19,1225.12,1229.45,1218,1227.28,1803766
11/19/19,1228,1241.61,1225.02,1232.32,2062375
11/20/19,1230,1239.51,1228.06,1233.75,1528053
11/21/19,1231,1235.51,1221.06,1231.3,1918739
11/22/19,1223,1229,1185,1194,4705428
11/25/19,1188.05,1194,1172.06,1182.06,3828175
11/26/19,1186.68,1198.6,1183,1185,4023961
11/27/19,1192.8,1196.62,1184.51,1189.95,1984881
11/28/19,1194.97,1197.51,1169.02,1175.8,2884499
11/29/19,1165.5,1165.5,1112.89,1129,8239732
12/2/19,1118.2,1140.02,1118.2,1133,3078441
12/3/19,1133,1133,1117.74,1118,2734093
12/4/19,1140,1144.66,1118,1122.33,3528308
12/5/19,1125,1132.01,1118,1129.8,2133879
12/6/19,1135.97,1170,1130.1,1170,3950626
12/9/19,1175,1176,1156.1,1158.7,2182412
12/10/19,1159.6,1165,1151,1164.4,1508658
12/11/19,1168,1170.75,1155.55,1158.98,1456799
12/12/19,1156,1159.94,1130.08,1137,2940916
12/13/19,1146,1165,1146,1163,3000059
12/16/19,1163,1163,1137.94,1147.92,3093642
12/17/19,1149.7,1173.6,1143.03,1169.98,4261696
12/18/19,1174,1175.2,1164,1168,1964009
12/19/19,1163,1163,1152,1157.4,1955230
12/20/19,1162.18,1162.18,1141.5,1146.3,2356384
12/23/19,1139,1162.5,1136,1149.3,2591918
12/24/19,1153,1155,1145,1148,1182310
12/25/19,1143,1143,1130.01,1133.7,2430597
12/26/19,1132,1141.98,1119.99,1135.1,2287727
12/27/19,1150,1172,1150,1163,4706628
12/30/19,1170.2,1195.5,1170.2,1185.8,4076066
12/31/19,1183,1188,1176.51,1183,2258881
1/2/20,1128,1145.06,1116,1130,14809916
1/3/20,1117,1117,1076.9,1078.56,13031878
1/6/20,1070.86,1092.9,1067.3,1077.99,6341478
1/7/20,1077.5,1099,1076.4,1094.53,4785359
1/8/20,1085.05,1095.5,1082.58,1088.14,2500825
1/9/20,1094,1105.39,1090,1102.7,3740587
1/10/20,1109,1115.99,1102.5,1112.5,3597587
1/13/20,1112.5,1129.2,1112,1124.27,3851575
1/14/20,1124.2,1124.89,1103,1107.4,3514465
1/15/20,1109.01,1121.6,1105,1112.13,2602911
1/16/20,1118.87,1118.87,1102.58,1107,2319165
1/17/20,1110,1112.78,1101.01,1107.5,2347275
1/20/20,1111.86,1111.86,1082,1091,3539130
1/21/20,1081,1087,1072.3,1075.3,3287405
1/22/20,1070,1084,1055.38,1075.51,3620004
1/23/20,1076,1076,1037,1052.8,5346843
2/3/20,985,1010.68,980,1003.92,12344288
2/4/20,1015,1057,1011.01,1038.01,6262418
2/5/20,1050,1054,1033.03,1049.99,4741824
2/6/20,1059.43,1075,1052.02,1071,4717121
2/7/20,1070.01,1077,1061.02,1076,3127871
2/10/20,1062,1074.6,1057.2,1066.49,3053342
2/11/20,1063,1099.68,1062.8,1098,4791793
2/12/20,1089,1098.79,1085.88,1097.27,2812543
2/13/20,1098,1113.89,1088.01,1091,3035736
2/14/20,1090.45,1093.51,1083.11,1088,2328760
2/17/20,1082.5,1096.19,1082.4,1093.82,2702822
2/18/20,1090.01,1096.88,1083,1084,2666496
2/19/20,1085,1101.5,1078,1096.5,3705147
2/20/20,1096.7,1124,1095.41,1118,4680262
2/21/20,1111.46,1123.54,1110.01,1112.88,2894008
2/24/20,1105.5,1110,1085.5,1087.18,3865036
2/25/20,1078,1082.09,1067.88,1074.81,3838562
2/26/20,1062,1084,1055,1073.7,4356097
2/27/20,1076,1094.99,1076,1087.39,3449829
2/28/20,1070.3,1082,1049.97,1057,4994657
3/2/20,1050.11,1096.55,1050.01,1086.01,4766304
3/3/20,1098,1118.88,1098,1113,5025015
3/4/20,1125,1139,1116.24,1128.92,5379299
3/5/20,1136.31,1174.99,1130.56,1171,6242645
3/6/20,1163,1176,1151.98,1155.5,3064100
3/9/20,1135,1135,1111.31,1114.01,4340409
3/10/20,1113,1168,1113,1156,5806293
3/11/20,1155.5,1169.58,1141,1158.52,3554757
3/12/20,1141.22,1153,1125.1,1138.5,3663063
3/13/20,1090,1128.98,1080,1112.03,7588531
3/16/20,1103.98,1107.95,1062,1067,5123254
3/17/20,1055,1078,1011.12,1045.1,7935912
3/18/20,1040,1060,1007.99,1007.99,7345988
3/19/20,993.99,1015,960.1,996,10226507
3/20/20,1011,1043,1011,1035.28,6013919
3/23/20,1000,1035.28,991.52,1019,4847210
3/24/20,1043,1058.88,1035,1056,4665096
3/25/20,1087.98,1091.36,1074.2,1080.1,3704866
3/26/20,1073.33,1091.2,1062,1064.92,3004856
3/27/20,1085,1092,1075.01,1075.5,3626112
3/30/20,1060.25,1077,1057,1072,3068741
3/31/20,1082,1115,1081.8,1111,4798437
4/1/20,1117,1129,1103,1103,3320535
4/2/20,1104,1145,1103.88,1145,4520561
4/3/20,1139.03,1147.96,1131.98,1139.79,2761761
4/7/20,1161.95,1166.5,1148.89,1159.95,4348800
4/8/20,1152,1166.31,1152,1159.76,2422442
4/9/20,1166,1169,1147.96,1158.5,2281697
4/10/20,1157.88,1181.5,1153.5,1165,2780434
4/13/20,1165,1169.98,1148.5,1162.3,1598147
4/14/20,1176,1191.55,1166,1185.1,3679955
4/15/20,1192,1203.99,1187.1,1189.6,2933229
4/16/20,1192.97,1197.1,1184.1,1197.1,2172774
4/17/20,1210,1234.56,1205.01,1226,3824569
4/20/20,1221,1231.5,1216.8,1227.3,2423864
4/21/20,1221.02,1223.99,1193,1200,2922422
4/22/20,1206,1249.5,1202.22,1244.5,4403473
4/23/20,1250,1265.68,1247.77,1252.26,2689851
4/24/20,1248,1259.89,1235.18,1250.56,1912240
4/27/20,1257,1278.17,1250.96,1276,2590391
4/28/20,1285.31,1299.94,1271.88,1279.13,3466190
4/29/20,1277.8,1288.1,1258,1274.9,2344406
4/30/20,1271,1285.01,1258.88,1265.7,2466087
5/6/20,1251,1300,1250,1300,3583481
5/7/20,1299.4,1314.99,1293,1312,2793474
5/8/20,1317,1338,1308.51,1314.61,2907868
5/11/20,1320,1335,1313.67,1323.01,2367119
5/12/20,1318,1334.99,1316,1333,1972181
5/13/20,1333,1337.99,1322.88,1335.95,2201431
5/14/20,1330,1334.88,1325.11,1326.59,1857492
5/15/20,1329,1333.5,1301.88,1313,2639808
5/18/20,1306,1351.5,1305.13,1346.21,3436211
5/19/20,1364,1364,1338,1346.11,2478746
5/20/20,1346.11,1359.18,1336.81,1351,2118340
5/21/20,1355,1371.96,1352.86,1366.1,2305158
5/22/20,1366,1366.1,1322.88,1328.2,3442746
5/25/20,1330,1366.58,1321,1362.9,3156100
5/26/20,1369.88,1369.95,1355,1358,2247019
5/27/20,1359,1360,1333,1338,2677741
5/28/20,1337.97,1346.94,1321.13,1344,2648591
5/29/20,1332.1,1369.98,1332.1,1366.6,3044435
6/1/20,1381,1420.1,1381,1419.5,3547976
6/2/20,1416.01,1427.9,1406.66,1410.71,2596010
6/3/20,1415,1417.5,1395.77,1399.3,2355736
6/4/20,1396,1411,1396,1407.99,1803741
6/5/20,1405.25,1428.88,1401.08,1425,1834706
6/8/20,1425,1435,1402.01,1406.1,2930045
6/9/20,1408,1425,1400.68,1416.55,2261191
6/10/20,1425,1433.33,1417,1423.66,2270074
6/11/20,1411.01,1417.99,1396.99,1400.46,3071171
6/12/20,1387.17,1416.37,1383.31,1416.37,2842742
6/15/20,1402,1411.6,1381,1383,3461541
6/16/20,1398.5,1414,1393.13,1403.88,2920664
6/17/20,1411.86,1411.9,1395.02,1405,1945307
6/18/20,1404.9,1413.2,1400.1,1413,2101041
6/19/20,1420,1445.2,1415.1,1439.84,3895833
6/22/20,1435.1,1443.89,1433.2,1439,2324700
6/23/20,1435,1482,1433.52,1474.5,3393426
6/24/20,1463.6,1465.71,1445,1460.01,2513899
6/29/20,1448,1466,1437.01,1463.17,2808061
6/30/20,1463.12,1468.98,1455.12,1462.88,2244614
7/1/20,1468,1506.1,1464.02,1494.27,3868249
7/2/20,1499,1550.9,1495,1544,4588372
7/3/20,1550,1552.5,1516.88,1541.79,3512581
7/6/20,1538,1616,1531.81,1600,5182196
7/7/20,1603.09,1744.82,1601,1688,6666393
7/8/20,1680,1719,1660,1681.34,5316998
7/9/20,1691,1712,1682,1706,3503324
7/10/20,1689,1736.6,1688.94,1713.85,3710044
7/13/20,1714.68,1787,1714.68,1781.99,6072716
7/14/20,1781.99,1782.03,1748.4,1762,4609351
7/15/20,1744.88,1782.6,1744.71,1752.53,4071294
7/16/20,1729.91,1729.91,1600,1614,10224219
7/17/20,1620,1672.59,1620,1648.05,6590206
7/20/20,1652.5,1663.99,1588.88,1636.96,4528033
7/21/20,1646.64,1702.8,1630.99,1668,4196950
7/22/20,1658,1710,1658,1678.08,3920121
7/23/20,1672,1691,1650,1676,3432052
7/24/20,1654.85,1666,1585,1595.3,7875201
7/27/20,1616.01,1629.8,1600,1622.55,3878817
7/28/20,1630,1680,1630,1670,5491152
7/29/20,1690,1690,1633,1672,5074843
7/30/20,1671.2,1700.59,1670.5,1680,3837304
7/31/20,1685,1705,1646,1678.18,4068474
8/3/20,1686.88,1696.58,1660,1668,3466114
8/4/20,1675,1682.99,1660,1669.99,3194051
8/5/20,1662.09,1673.09,1643.31,1668,2552169
8/6/20,1670,1674.03,1630,1637.96,3264878
8/7/20,1644.77,1649.67,1598.5,1631,3424205
8/10/20,1627.97,1644.96,1608.11,1633.99,2362354
8/11/20,1640,1666.43,1640,1642.51,3581818
8/12/20,1633,1641,1605.25,1626.95,2793392
8/13/20,1630,1638.88,1609,1635,2054134
8/14/20,1639.9,1665.7,1631,1661,3765318
8/17/20,1674,1704.35,1670,1690,4357201
8/18/20,1697.38,1720,1691,1705,3042281
8/19/20,1700,1717,1682.99,1687,2691498
8/20/20,1674,1679,1656,1664,2238233
8/21/20,1673,1698,1671,1676,2508241
8/24/20,1700,1708,1691.01,1696.35,3093344
8/25/20,1704.8,1746.78,1698.63,1727,4187249
8/26/20,1734,1745,1715.02,1727,2621573
8/27/20,1731.99,1733.98,1705,1731,2263553
8/28/20,1731,1764,1721.5,1757,4229962
8/31/20,1770.58,1816,1770.58,1786.5,4781036
9/1/20,1792,1802,1775.01,1801.98,3163992
9/2/20,1825,1828,1770,1795,3200929
9/3/20,1795,1812,1779.7,1793,3043735
9/4/20,1766,1776.99,1746,1770,3085796
9/7/20,1760,1777.99,1703.97,1723.5,3111202
9/8/20,1732,1737.8,1677.07,1711.4,3447238
9/9/20,1699.67,1711,1680.04,1688,2596355
9/10/20,1703.74,1720,1700,1705.8,2477833
9/11/20,1688,1736,1688,1733,3108800
9/14/20,1745,1769,1730.58,1766,3105601
9/15/20,1769.99,1769.99,1747.75,1760,2082087
9/16/20,1760,1764.81,1719,1725.1,2251598
9/17/20,1700,1700,1658,1670.52,6367985
9/18/20,1665,1695,1635.01,1695,4720140
9/21/20,1692.76,1692.76,1666.66,1666.8,2244407
9/22/20,1650,1686.98,1650,1665.69,2326547
9/23/20,1635,1666.01,1621.02,1649.98,3572552
9/24/20,1635.97,1658.88,1626.8,1629.32,3005078
9/25/20,1630,1650,1625,1635.11,2258296
9/28/20,1635.19,1668.5,1635.19,1661,2423222
9/29/20,1669.33,1669.4,1652.3,1652.3,1743078
9/30/20,1660,1691.9,1660,1668.5,2708781
10/9/20,1692,1706.42,1688,1696,3423988
10/12/20,1700,1750.61,1700,1750.61,4372904
10/13/20,1750.62,1750.62,1735,1739,2294389
10/14/20,1740,1746.98,1726,1729,2048139
10/15/20,1721.13,1735,1721,1725,1620436
10/16/20,1725,1734.58,1703,1712,1737738
10/19/20,1725,1733.98,1691.9,1699,1922632
10/20/20,1699.99,1734.97,1695,1734,2773493
10/21/20,1734.1,1742.15,1723,1733.33,1890137
10/22/20,1730,1745,1715.51,1742.5,2248087
10/23/20,1740.78,1747.59,1714,1715.33,1929169
10/26/20,1619,1662.92,1600,1643,6601529
10/27/20,1643,1644,1616.12,1625,4394440
10/28/20,1626,1677,1625.08,1664.81,3463653
10/29/20,1654.84,1708,1647,1676,3937376
10/30/20,1678,1696,1665,1670.02,2605545
11/2/20,1675,1695,1672,1674.01,2106643
11/3/20,1684.99,1705.9,1675.5,1695,2349749
11/4/20,1700,1704,1685,1699.58,1644371
11/5/20,1717,1732.48,1712.1,1721.9,2352414
11/6/20,1730.55,1731.59,1690,1700.62,2305153
11/9/20,1701.38,1750.68,1700.62,1742.57,4146970
11/10/20,1752.92,1764.48,1736,1745,3018944
11/11/20,1745,1777.5,1731,1731.35,3485073
11/12/20,1730.01,1750,1722.27,1734.79,2347309
11/13/20,1724,1728.88,1691,1705,2815548
11/16/20,1711,1730.05,1697.26,1730.05,3061349
11/17/20,1740,1742.35,1701.07,1715.8,2522403
11/18/20,1715,1720.53,1683.16,1693.65,3517895
11/19/20,1684.5,1725,1680.6,1720.19,2781576
11/20/20,1720,1736,1712.65,1719.96,2187466
11/23/20,1771.01,1809.9,1771.01,1790.21,6663724
11/24/20,1769.99,1782.5,1751.47,1763.5,3246536
11/25/20,1761.5,1768.88,1724,1726.88,2822632
11/26/20,1726,1739.99,1725.18,1734.39,2322830
11/27/20,1732.66,1740.03,1718,1737.9,2156861
11/30/20,1735,1738.9,1713.91,1713.91,3194007
12/1/20,1726,1738.99,1720.01,1737,2819620
12/2/20,1746,1749,1731,1738.01,2357169
12/3/20,1738.01,1755.66,1732.1,1749,2950578
12/4/20,1752,1800.1,1752,1793.11,6249119
12/7/20,1802.7,1840.39,1800.55,1812.4,5833133
12/8/20,1815,1875,1813,1850,6145400
12/9/20,1865.95,1866,1839,1840,3115212
12/10/20,1840,1849.77,1828,1832.9,3265354
12/11/20,1834.78,1837.32,1804.81,1820,3077579
12/14/20,1827.77,1829.98,1815,1829,3305200
12/15/20,1833.5,1837.22,1805,1816.01,2960497
12/16/20,1830.5,1845.67,1820.21,1840,3215016
12/17/20,1845.5,1868,1840,1865.51,3603064
12/18/20,1851.81,1869.01,1841.08,1845,2707698
12/21/20,1840,1851.23,1837.6,1842.5,3069672
12/22/20,1849.97,1898.99,1842.51,1881,4065060
12/23/20,1897.99,1906.2,1821.02,1841.65,4770609
12/24/20,1818,1858.88,1795.02,1830.34,3785714
12/25/20,1802.99,1847,1800,1830,2308805
12/28/20,1826.6,1888.8,1826.05,1873,3008037
12/29/20,1873,1886.8,1855,1867,2286759
12/30/20,1870,1933,1869.99,1933,3445210
12/31/20,1941,1998.98,1939,1998,3886007
1/4/21,1999.98,2004.99,1983.81,1997,4351400
1/5/21,1990,2059.45,1982.46,2059.45,5211605
1/6/21,2064.8,2125,2036.03,2100,4741020
1/7/21,2097,2140,2075,2140,3793139
1/8/21,2142,2150.88,2063.02,2090,5386164
1/11/21,2090,2150.5,2058.6,2099.73,5107990
1/12/21,2088,2160.9,2085,2160.9,4105859
1/13/21,2164,2173.33,2135,2164,3438993
1/14/21,2156,2163,2116.11,2134,3615220
1/15/21,2115,2134.35,2029,2082,5950939
1/18/21,2061.06,2091.48,2040.27,2063,3914404
1/19/21,2073.11,2096.3,2006.85,2009.41,4634519
1/20/21,2008,2055.49,1982.5,2040.63,4508242
1/21/21,2048,2090.02,2041,2070,3831017
1/22/21,2069,2100,2060.1,2079.95,2924761
1/25/21,2083,2179.5,2083,2175,5595716
1/26/21,2185,2187,2125.11,2141.89,3174746
1/27/21,2141.89,2141.89,2085,2089,3712017
1/28/21,2080,2109.66,2060.02,2088,3512864
1/29/21,2101.19,2149.48,2090.22,2116.18,3370133
2/1/21,2130,2160,2095,2109.32,2934059
2/2/21,2112.22,2149.99,2102.1,2145,3458225
2/3/21,2150,2198.27,2140,2189.91,3871415
2/4/21,2191,2330,2191,2320.85,6385101
2/5/21,2325,2364.6,2291,2313,3972906
2/8/21,2337,2378.88,2313,2368.8,3578573
2/9/21,2368.8,2456.43,2350,2456.43,3329655
2/10/21,2485,2601.2,2485,2601,6137057
2/18/21,2587.98,2627.88,2465,2471,6591232
2/19/21,2451.16,2496.66,2381.6,2460,5938546
2/22/21,2455,2455,2278.22,2288.02,7893547
2/23/21,2265.14,2344.89,2265,2307,5745460
2/24/21,2307.99,2318,2160.5,2189,8211578
2/25/21,2209,2224.5,2121.21,2150,5972643
2/26/21,2100,2179.95,2067.3,2122.78,6652506
3/1/21,2179,2179,2120,2158,4491626
3/2/21,2180,2180,2033,2058,7076450
3/3/21,2040,2149.77,2033,2140,5421546
3/4/21,2095,2096,2010.1,2033,6508829
3/5/21,2000,2095,1988,2060.11,6377920
3/8/21,2074.96,2085,1960,1960,6309959
3/9/21,1955,2000,1900.18,1936.99,8226581
3/10/21,1977,1999.87,1967,1970.01,5117174
3/11/21,1975,2079.99,1961.48,2048,5676897
3/12/21,2070,2077,2002.01,2026,4032251
3/15/21,2050,2069.8,1951.15,1975.45,6248487
3/16/21,1974.93,2019.99,1965,2010.5,3464850
3/17/21,2000,2050,1976.01,2030.36,3137491
3/18/21,2035,2086.36,2035,2069.7,3386488
3/19/21,2035,2043,1992.23,2010,3578077
3/22/21,2000.1,2026.09,1955.55,1989.99,3691407
3/23/21,1998.88,2008.8,1970,1996,2744619
3/24/21,1981,2013,1981,1989,2935739
3/25/21,1970.01,1988.88,1946.8,1971,3157523
3/26/21,1985,2022,1958,2013,5001642
3/29/21,2043.2,2096.35,2026.15,2034.1,5699220
3/30/21,2040,2086,2035.08,2056.05,3262697
3/31/21,2045.1,2046.02,2000,2009,3715441
4/1/21,2021,2046.8,2001.22,2044.5,2658763
4/2/21,2056,2165,2056,2162,5202757
4/6/21,2161,2161.98,2102.3,2126.03,3274177
4/7/21,2104.06,2117.3,2050,2061,4020097
4/8/21,2047.03,2079,2044,2070,2854762
4/9/21,2042,2054,2005.01,2020,2880886
4/12/21,2011,2030,1991.7,2008.89,3194307
4/13/21,2020,2049.8,2009,2021,2899215
4/14/21,2035,2048,2016,2047,2411465
4/15/21,2030.9,2046.9,1990,2015.6,3436621
4/16/21,2025.08,2068,2012,2054.98,3029370
4/19/21,2055,2098.36,2033,2088,3175391
4/20/21,2071.1,2129,2070,2094.8,2829037
4/21/21,2076,2097.8,2065.1,2080,2614975
4/22/21,2089.9,2099,2051.5,2055.5,2685002
4/23/21,2055.97,2119.88,2052.5,2108.94,3346277
4/26/21,2132,2135,2073.6,2077.82,3404511
4/27/21,2087.08,2095.25,2065.09,2094.44,2210785
4/28/21,2010,2047.5,2003,2042,8134295
4/29/21,2047.04,2049.94,2014,2026.36,4128378
4/30/21,2026,2036,2003.71,2006.78,3840137
5/6/21,2000,2006.84,1953,1959,5354614
5/7/21,1965,1967.98,1901,1903,5249339
5/10/21,1900,1909,1866.01,1879.03,4600318
5/11/21,1876,1966,1873.3,1959,4249412
5/12/21,1949.08,1999,1949,1984,3269887
5/13/21,1965.75,1985.05,1953,1971.5,2507751
5/14/21,1982,2030.5,1976,2009.85,3561129
5/17/21,2025.1,2085.2,2025.1,2057.96,4452400
5/18/21,2065,2077,2045.06,2059.31,1750428
5/19/21,2059,2074.81,2040,2049,2240972
5/20/21,2074,2074.1,2045.36,2058.88,2185716
5/21/21,2055.08,2079.88,2037.02,2042.1,2424823
5/24/21,2051,2080.06,2031,2071.29,3254808
5/25/21,2085,2200.1,2085,2194.5,6775695
5/26/21,2207.98,2241.8,2193.08,2220,3860420
5/27/21,2211.02,2320,2201.1,2245,4537338
5/28/21,2240.97,2250,2205.51,2230,2580731
5/31/21,2215.5,2218.35,2172,2218,3173900
6/1/21,2222,2248.95,2206,2240.95,3061634
6/2/21,2250,2264,2208.18,2222,2286277
6/3/21,2220,2260.34,2210.08,2222.22,2345031
6/4/21,2215,2288,2214.04,2251.5,3142219
6/7/21,2265,2279,2240.01,2271,2546627
6/8/21,2260,2279.99,2161.15,2191,4731363
6/9/21,2192,2214,2160.11,2199.5,2550235
6/10/21,2195,2251.37,2190.08,2238.48,2556663
6/11/21,2239,2244,2178.81,2178.81,3397066
6/15/21,2195.1,2208.88,2148,2193,2936130
6/16/21,2192,2195,2148,2158,2759315
6/17/21,2155.65,2188,2144.36,2156.91,2106753
6/18/21,2147,2156.5,2065,2090.94,5402821
6/21/21,2085,2099.69,2050,2081.64,3548826
6/22/21,2092,2098,2053.89,2074.97,3322818
6/23/21,2080,2083,2034.15,2038,3707901
6/24/21,2040.01,2080,2021,2068.05,3147370
6/25/21,2049.96,2109,2042.6,2092,3587543
6/28/21,2100,2118,2073,2103.01,2745242
6/29/21,2108,2115,2051,2062,3303063
6/30/21,2065,2074,2046.3,2056.7,2191566
7/1/21,2059.97,2110,2031.6,2105,3370124
7/2/21,2075,2075,2011.5,2013,4627531
7/5/21,2000,2019.88,1985,1994,3442095
7/6/21,1995,2014,1960.01,2012.9,3528251
7/7/21,2010,2028.88,1999.01,2004,2812212
7/8/21,2000.1,2004,1968,1985,3551669
7/9/21,1964.52,1985.91,1945,1972.11,3090790
7/12/21,1975.55,1998.78,1940.5,1961,3901024
7/13/21,1968,2005.5,1965,1982.9,2992471
7/14/21,1974,1974.5,1945,1962,3077069
7/15/21,1955.02,2013,1950.6,1997.99,4219005
7/16/21,1980,1996.6,1950,1955.9,3540764
7/19/21,1955.89,1986,1941,1975,3005234
7/20/21,1975,1988.93,1961.41,1980,2347521
7/21/21,1989,2006,1962.01,1969,2978013
7/22/21,1960,1973.9,1938.96,1940.01,3909047
7/23/21,1937.82,1937.82,1895.09,1900,4758547
7/26/21,1879,1879,1780,1804.11,9861948
7/27/21,1803,1810,1703,1712.89,8657699
7/28/21,1703,1788.2,1682.12,1768.9,8536884
7/29/21,1810.01,1823,1734.34,1749.79,6386385
7/30/21,1725,1725,1657.76,1678.99,7773589
8/2/21,1664,1755.98,1620.72,1755,9740065
8/3/21,1730,1768.99,1688.8,1749.3,5437475
8/4/21,1734.06,1760,1718,1724,3817549
8/5/21,1692.88,1745,1676.36,1699,4805969
8/6/21,1689,1694.01,1646.6,1671,4568610
8/9/21,1651,1709,1650,1693.8,4769775
8/10/21,1700,1802.88,1675,1799,8328505
8/11/21,1780.01,1785.01,1750.01,1750.5,3866259
8/12/21,1732,1749,1686.19,1690,4755097
8/13/21,1690,1713,1679,1700.04,3790452
8/16/21,1696,1713.6,1685.08,1699.2,2805697
8/17/21,1700,1700,1628.88,1635,6120077
8/18/21,1624.66,1642.99,1600,1620,5997026
8/19/21,1622.22,1643.2,1600,1619.97,4129195
8/20/21,1555.17,1597.55,1525.5,1548,11454454
8/23/21,1537.88,1599,1536.77,1570.19,7159720
8/24/21,1575,1642.55,1565.77,1625.18,7259447
8/25/21,1647.64,1680.87,1643,1665.02,5423890
8/26/21,1664.99,1664.99,1594.72,1595,5402037
8/27/21,1589,1625,1584.1,1596.03,3609545
8/30/21,1605,1613,1545.95,1586,5158770
8/31/21,1589.8,1616.35,1555.1,1558,4367709
9/1/21,1559,1634.99,1531.1,1622.01,7731610
9/2/21,1632.99,1643,1600.89,1618.8,4283679
9/3/21,1610.02,1659.79,1582,1658.22,5283518
9/6/21,1649,1708.16,1626.15,1670.67,5533806
9/7/21,1661.03,1684.48,1651,1669,3121122
9/8/21,1660,1671.18,1628.08,1633.1,3306367
9/9/21,1626,1645,1624.01,1634.08,1995013
9/10/21,1634.08,1668.8,1633,1662.58,3338811
9/13/21,1665,1684,1640.1,1654,2772002
9/14/21,1659,1683,1653,1657,3376061
9/15/21,1650,1660,1610,1615.74,4157005
9/16/21,1603,1644,1585,1638.07,4596802
9/17/21,1620,1705.6,1620,1686,5513025
9/22/21,1658.83,1688,1635,1637.69,3174300
9/23/21,1638,1655.88,1625.08,1635,3034181
9/24/21,1628,1719.98,1628,1694,6953660
9/27/21,1750,1863.4,1750,1855,12686892
9/28/21,1848,1860,1795,1822.06,4922105
9/29/21,1809,1845.01,1785.9,1820,4329065
9/30/21,1818.18,1850.22,1803.4,1830,4053929
10/8/21,1822.42,1878,1807.23,1839.6,4745196
10/11/21,1839.51,1889.9,1831.01,1867.12,3767557
10/12/21,1866,1877,1842.42,1870.99,3060642
10/13/21,1870,1949.95,1862,1929.9,5014261
10/14/21,1928.93,1941.8,1896,1911,2662255
10/15/21,1890.1,1929.99,1890.1,1916.97,2856078
10/18/21,1888,1888,1787,1800,6965202
10/19/21,1800,1838.8,1799.88,1812.18,4031456
10/20/21,1833,1849.8,1806.01,1841,2866339
10/21/21,1841.1,1860,1829,1844,2301870
10/22/21,1855,1921.01,1854,1901,3596260
10/25/21,1880,1885.01,1858,1873.03,3246133
10/26/21,1864.03,1878.99,1844,1861.05,2113026
10/27/21,1852.3,1858.3,1800.1,1819,3464729
10/28/21,1825.2,1843.78,1802,1825.49,2949093
10/29/21,1825,1848,1813,1826.08,2877586
11/1/21,1780,1826.3,1760,1803,4168998
11/2/21,1796.7,1844.22,1788,1804.64,3250024
11/3/21,1800,1809.98,1761.19,1765,2782931
11/4/21,1777.94,1816,1769.42,1804.2,3113043
11/5/21,1804.21,1844.99,1804.21,1819.94,2707723
11/8/21,1820,1830.8,1802.05,1820.1,1770572
11/9/21,1819.98,1827.87,1782,1790.01,2735192
11/10/21,1790.01,1795,1735,1753.99,3534877
11/11/21,1752.93,1769.6,1741.5,1769.6,2265187
11/12/21,1778,1785.05,1766.66,1773.78,1760663
11/15/21,1773.68,1784,1750,1761.14,2494735
11/16/21,1768,1818,1765,1808,3352624
11/17/21,1805,1820.5,1790.01,1795,2450546
11/18/21,1781.22,1807,1770,1792,1952089
11/19/21,1794.19,1849,1788.2,1828.41,3115559
11/22/21,1849,1909,1848,1854.27,4257268
11/23/21,1852,1917,1852,1896.43,4578220
11/24/21,1900,1966,1897,1941,5451235
11/25/21,1953,1986.2,1946.25,1956.03,3975288
11/26/21,1964.83,1967,1925,1941.01,3265557
11/29/21,1960,1990,1951.08,1985,4239934
11/30/21,1985.4,1989.9,1927.5,1930.77,3692487
12/1/21,1950,1959.95,1919.02,1932.99,2625440
12/2/21,1940,1942.15,1919.6,1934,2042182
12/3/21,1932,1988.62,1931.05,1971.88,3581839
12/6/21,1983,1990,1950,1967.3,3106388
12/7/21,1980.74,1987.87,1946.73,1955.87,3697989
12/8/21,1964.88,2045,1950,2043,6104807
12/9/21,2054.94,2116.92,2045,2086.55,6423918
12/10/21,2060,2095.78,2056,2090,4314822
12/13/21,2154,2180,2118,2118.2,6580656
12/14/21,2118.2,2167.9,2100,2150,4044941
12/15/21,2142.15,2164.95,2125.02,2135,3007827
12/16/21,2115,2144.05,2086.23,2118.99,3721136
12/17/21,2100.5,2108,2036,2050.7,4840318
12/20/21,2050.7,2085.66,2041,2058.96,3225769
12/21/21,2045,2069.13,2012.83,2038.2,2628589
12/22/21,2040,2063,2040,2048,1743079
12/23/21,2053,2120,2025,2120,3909854
12/24/21,2148.88,2216.96,2148.88,2194.09,5612959
12/27/21,2168,2168,2112,2131.82,3755590
12/28/21,2133,2155.5,2116.6,2138.18,2765070
12/29/21,2150,2154.25,2041,2041,5404902
12/30/21,2041,2088.98,2028,2075,3526136
12/31/21,2070,2072.98,2028,2050,2966491
1/4/22,2055,2068.95,2014,2051.23,3384262
1/5/22,2045,2065,2018,2024,2839551
1/6/22,2022.01,2036,1938.51,1982.22,5179475
1/7/22,1975,1988.88,1939.32,1942,2981669
1/10/22,1928.01,1977,1917.55,1966,2962670
1/11/22,1948,1965,1931.17,1940.55,2227664
1/12/22,1948,1978.8,1948,1967,2747410
1/13/22,1964.82,1967.99,1865.56,1877.39,5674735
1/14/22,1877.39,1893,1863,1867,2932164
1/17/22,1868,1878.3,1835.34,1861.61,2735382
1/18/22,1861.68,1908.85,1852,1892.27,3121577
1/19/22,1919,1919,1888.88,1912,2637094
1/20/22,1916,1979.99,1916,1969.52,3401391
1/21/22,1960,1993.49,1951.01,1984.99,3081258
1/24/22,1955,1984,1931.44,1950.2,2398580
1/25/22,1943,1966,1931,1943,2551012
1/26/22,1942.04,1969,1919,1955,2390513
1/27/22,2001.01,2010.82,1952,1965,4266516
1/28/22,1955,1968,1880.01,1887,4102011
2/7/22,1900.99,1913.56,1850,1867.96,3515042
2/8/22,1868.88,1872.87,1790,1839,4171306
2/9/22,1839.09,1908,1826.97,1895.98,3388479
2/10/22,1900,1905.9,1857.39,1873,2303183
2/11/22,1857,1900.79,1841,1849.97,3374649
2/14/22,1840,1877,1837.31,1868.67,2019587
2/15/22,1868.8,1911,1859,1890.62,2710586
2/16/22,1900,1907,1888,1892.55,1458685
2/17/22,1900.61,1911.48,1881,1886.99,1821366
2/18/22,1877.63,1907.98,1865.66,1907,1938549
2/21/22,1900,1906.9,1868.95,1876.99,2081573
2/22/22,1860.01,1861,1800.02,1807.87,5229881
2/23/22,1811.41,1834,1800.08,1827.01,2811161
2/24/22,1808,1813.99,1748.1,1764.11,6535925
2/25/22,1775,1808.28,1775,1799.06,3897913
2/28/22,1787.06,1797,1767,1790.4,2892303
3/1/22,1802,1863.57,1802,1858.48,4737930
3/2/22,1840,1850.99,1825,1844.88,2007448
3/3/22,1845.8,1850.25,1794,1800,3154693
3/4/22,1772,1792.89,1755.1,1780.5,3104703
3/7/22,1760.2,1768,1703.8,1707,4915581
3/8/22,1759.98,1786.66,1732,1753.2,5721546
3/9/22,1764.1,1805,1721.11,1779.18,5643442
3/10/22,1808,1821,1791,1794.43,3646178
3/11/22,1766,1777,1718.08,1769.01,4772677
3/14/22,1730,1750,1700,1700,4900661
3/15/22,1650,1685,1603,1603,8905587
3/16/22,1634,1683.9,1593,1674.95,7759281
3/17/22,1720,1755,1711.66,1720.15,6835196
3/18/22,1718,1745,1692.28,1707.79,3834868
3/21/22,1724,1725.65,1695.01,1704.3,2787716
3/22/22,1723.88,1723.88,1686.33,1695,2105404
3/23/22,1705,1770,1697,1752.19,5806739
3/24/22,1738,1740,1717.35,1720.93,2581532
3/25/22,1712,1734,1685,1690,2970866
3/28/22,1625,1664.8,1604,1660.8,5754164
3/29/22,1661.5,1691.5,1661.5,1667,2593498
3/30/22,1698,1730.1,1695,1730.1,4243343
3/31/22,1720,1738.6,1708.8,1719,2517386
4/1/22,1729.94,1793,1721.69,1780.01,4486191
4/6/22,1753,1788.73,1753,1765,2781977
4/7/22,1758,1785,1750.1,1765,2019571
4/8/22,1768,1788.7,1766.54,1784,2294132
4/11/22,1770,1770,1706.03,1720,4386359
4/12/22,1729,1787.97,1708,1782,4162956
4/13/22,1767,1795,1751.08,1769,3114766
4/14/22,1788,1835.9,1780.2,1809,3764986
4/15/22,1802.2,1818,1795.89,1805.99,2104113
4/18/22,1781.13,1798,1768,1790.82,1979315
4/19/22,1800,1832.99,1775.5,1790.3,2420476
4/20/22,1801.69,1820,1768.68,1797,2415572
4/21/22,1790.2,1806,1770,1779.98,2895261
4/22/22,1763,1787.88,1760.18,1773,2789975
4/25/22,1750,1776.5,1702,1708,5365802
4/26/22,1703.33,1748.98,1700,1732.48,4456396
4/27/22,1767.12,1810,1767.12,1794.92,5740244
4/28/22,1793,1845,1786.5,1835,4401006
4/29/22,1836,1849,1810.98,1828.38,3488527
5/5/22,1830,1870,1828.98,1837,3366094
5/6/22,1814.99,1819,1781,1793,2859618
5/9/22,1780,1780,1738,1752,3035182
5/10/22,1720,1784.96,1705.01,1766.19,4011919
5/11/22,1755,1788.48,1752,1768,3031267
5/12/22,1753,1778,1750,1762.67,2203823
5/13/22,1780,1797.94,1766,1778.24,2073052
5/16/22,1797,1797,1742.67,1758,2776531
5/17/22,1769.88,1775,1755,1768,2014474
5/18/22,1773.66,1773.92,1743.02,1761,2485044
5/19/22,1745,1757,1739,1756,1977626
5/20/22,1759.99,1801.15,1752,1800.01,4194960
5/23/22,1800,1803.89,1772,1781,2215713
5/24/22,1786,1787,1755.5,1760,2734222
5/25/22,1765.27,1772,1747,1755.51,2238869
5/26/22,1761,1761,1730,1742.8,2805344
5/27/22,1759.99,1780,1753.01,1755.16,2511958
5/30/22,1766,1790.55,1766,1778.41,3446569
5/31/22,1774.77,1814.9,1766.98,1804.03,4075082
6/1/22,1802,1814.78,1779,1788.25,2176001
6/2/22,1787.97,1795.8,1780,1786,1691473
6/6/22,1790,1795,1758,1788,3674126
6/7/22,1784.14,1825,1770.31,1817.9,3504859
6/8/22,1825,1882,1825,1865.6,4435381
6/9/22,1872,1888.35,1849,1853,2632902
6/10/22,1845.01,1907,1835,1900.6,4734462
6/13/22,1890,1892,1848.08,1856,3675518
6/14/22,1834,1875.42,1832,1871,2941623
6/15/22,1870,1905,1862.99,1875.1,3366362
6/16/22,1894.59,1907.63,1875.33,1877,2688670
6/17/22,1878.09,1952,1878.09,1951,5054161
6/20/22,1950,1970,1930,1942.02,3497478
6/21/22,1949,1966.99,1928,1945.74,2371702
6/22/22,1955,1958,1932,1936,1964665
6/23/22,1942.7,1965.04,1940,1957.1,2684352
6/24/22,1970,2020,1965,2009.01,3963465
6/27/22,2019.94,2049.94,2000.3,2010.55,4011517
6/28/22,2019.74,2041,2001,2036,2524571
6/29/22,2028,2042,2011.01,2030,3036012
6/30/22,2000,2077,1999.99,2045,3898243
7/1/22,2055,2067.77,2015.21,2029.05,2159645
7/4/22,2020.01,2024.29,2001.01,2018,2507589
7/5/22,2025.28,2054.45,2010,2033.01,2632940
7/6/22,2032,2039,1986,2002,3275166
7/7/22,2005,2009.35,1985.01,1990,2093177
7/8/22,2005,2014.89,1996.16,1999,1564389
7/11/22,1990.2,1994.77,1950.5,1963.6,2394921
7/12/22,1965,1972.8,1930.06,1948.41,2344686
7/13/22,1945,1972,1940.67,1958.89,1985377
7/14/22,1960,1976.8,1941,1953,2052724
7/15/22,1945.11,1999.68,1944.51,1949.5,3341623
7/18/22,1952.36,1959,1922,1951.66,2422072
7/19/22,1945,1951.65,1926,1943.1,2195603
7/20/22,1958.75,1970,1945,1950.1,1870461
7/21/22,1943.1,1955.9,1934.51,1939,1406137
7/22/22,1949.22,1962,1935,1947,2511357
7/25/22,1949.51,1952.3,1931,1944.65,1691244
7/26/22,1952.99,1964.97,1947.02,1950.21,2068510
7/27/22,1942,1948,1917,1919.6,2148987
7/28/22,1921.1,1938,1892.66,1898,3486986
7/29/22,1895.1,1918.99,1878.1,1898.44,3703236
8/1/22,1890.01,1908,1881.18,1890.3,2103741
8/2/22,1880,1887.98,1858.01,1879.98,2822088
8/3/22,1889.99,1904,1877,1885,2459842
8/4/22,1890,1923.1,1880.13,1916.01,3035714
8/5/22,1927.8,1935,1904.9,1923.96,2008584
8/8/22,1915.15,1932.88,1907.51,1911.53,1679901
8/9/22,1911.53,1918.99,1905,1910,1387461
8/10/22,1909.98,1918,1864.58,1876,2792662
8/11/22,1886,1907,1878.01,1906.9,2606149
8/12/22,1906.9,1930,1900,1928,2025983
8/15/22,1920.46,1939.5,1915.55,1919.89,1932314
8/16/22,1923.94,1933.79,1916,1917.84,1483584
8/17/22,1930,1930,1895,1918,1836063
8/18/22,1908,1913.08,1881.07,1895.5,2316777
8/19/22,1898,1908.35,1888,1895.01,1354417
8/22/22,1885.01,1907,1881.38,1893.98,1542667
8/23/22,1898.6,1898.6,1867,1870.01,2375636
8/24/22,1869.99,1875.23,1851,1854.2,1872761
8/25/22,1859,1888,1854.2,1885,2192534
8/26/22,1900,1912,1886,1898,2314195
8/29/22,1883,1899.97,1874,1878.82,1356962
8/30/22,1882.35,1885,1854.2,1870,1823539
8/31/22,1860.1,1925.56,1860.01,1924,4469151
9/1/22,1912.15,1916,1880.89,1880.89,2684508
9/2/22,1889.94,1892.96,1866.17,1875,1939132
9/5/22,1862.64,1869,1820,1835,3682187
9/6/22,1835.36,1848.2,1825,1845,2083004
9/7/22,1835.03,1837.66,1811.01,1818.01,2830616
9/8/22,1820,1832,1815,1815,1659057
9/9/22,1825,1852,1816,1844.79,2708986
9/13/22,1880,1888.38,1858.23,1879,2869309
9/14/22,1864.01,1880,1863,1869,1604157
9/15/22,1870,1893.12,1869.96,1880,2081021
9/16/22,1871.8,1885.6,1855.11,1859,2412127
9/19/22,1855,1888.59,1852.88,1871.64,1858351
9/20/22,1869.98,1884.6,1858.55,1878,1411630
9/21/22,1876.67,1883,1848,1848,2099454
9/22/22,1840,1841.02,1816.85,1820.81,2270429
9/23/22,1820.81,1855,1820.81,1834.43,2828769
9/26/22,1820,1888,1819.98,1863,3513492
9/27/22,1868.86,1897,1851.11,1888,2882019
9/28/22,1880.5,1899.4,1874.01,1883,2144597
9/29/22,1897.98,1902.18,1871.13,1880.35,2158966
9/30/22,1898.62,1901.99,1866,1872.5,2128908
10/10/22,1890,1891,1780.2,1786,4858413
10/11/22,1789,1806,1760,1779.99,3204719
10/12/22,1773.66,1779,1708,1760,4819500
10/13/22,1720.46,1735,1697,1699.99,6396927
10/14/22,1710,1755,1701.94,1737.61,4651970
10/17/22,1726,1727.99,1697.8,1718.5,3354951
10/18/22,1725,1730,1701,1705.83,2808277
10/19/22,1701.98,1701.98,1648,1648,6012093
10/20/22,1621,1668.43,1611,1643.5,4277807
10/21/22,1640,1647.8,1610,1624,3890740
10/24/22,1570,1589,1488.01,1501.28,13209804
10/25/22,1479.42,1515,1472,1479.75,8136156
10/26/22,1488.8,1514.99,1460,1464.08,8178083
10/27/22,1480,1487.98,1383.85,1401,10710590
10/28/22,1390.77,1406,1358.71,1360,9314275
10/31/22,1350,1382.01,1333,1350,7184665
11/1/22,1359,1469.4,1359,1462.01,11876648
11/2/22,1460,1506,1436,1471.96,7977715
11/3/22,1443.57,1462.5,1428.1,1439.5,4515970
11/4/22,1437.96,1527.77,1437.96,1516.57,8000795
11/7/22,1494.05,1518.48,1486.59,1507.11,4269835
11/8/22,1508,1517.99,1468.96,1484.88,3932491
11/9/22,1483.95,1488.88,1450,1459.9,3609016
11/10/22,1444,1485,1435.15,1475,3771967
11/11/22,1528,1544.45,1494.98,1528.15,7394715
11/14/22,1543.5,1563.53,1528,1533,5737015
11/15/22,1532,1598.97,1521,1588,5631760
11/16/22,1581,1598,1568,1585.25,2684776
11/17/22,1590.5,1596.3,1552.88,1567,3057988
11/18/22,1576,1584,1556,1567.13,2360871
11/21/22,1541.35,1541.35,1498.53,1519.98,3909600
11/22/22,1517.44,1559.74,1516.11,1539.95,2990062
11/23/22,1528,1557,1521.04,1549,2217746
11/24/22,1559,1568.88,1513.98,1519.99,2768738
11/25/22,1520.51,1532,1510,1522.01,1862104
11/28/22,1484.78,1515,1451,1509.88,4772321
11/29/22,1569.56,1600,1551,1599,7342013
11/30/22,1587.12,1604,1585,1599,3149730
12/1/22,1660,1680,1630.79,1630.8,5135768
12/2/22,1635,1652.99,1621.2,1633.88,2388390
12/5/22,1668,1679,1649,1664.9,3612746
12/6/22,1655,1726.9,1652,1688,4414748
12/7/22,1677.81,1720,1670.03,1684,3552626
12/8/22,1682,1695,1665,1687.02,1972956
12/9/22,1692,1730,1682,1730,3921526
12/12/22,1715.86,1766,1715,1739.02,3475517
12/13/22,1737,1760.69,1730,1750,2138546
12/14/22,1743,1780.8,1743,1770.87,2909840
12/15/22,1805,1816,1780,1786.99,3063444
12/16/22,1773.25,1791,1743,1786.87,3330266
12/19/22,1798.8,1798.8,1760.17,1773,2498710
12/20/22,1765.33,1765.33,1682.45,1715,4619840
12/21/22,1724,1739,1717.65,1739,2281614
12/22/22,1756.7,1783,1745,1768,2317534
12/23/22,1752.4,1782,1745,1771,1731921
12/26/22,1771,1771,1735.02,1742.06,2138380
12/27/22,1738,1747.15,1725.5,1733,1790505
12/28/22,1745.88,1747,1708.01,1733,2143790
12/29/22,1717,1726.99,1701.05,1719,2241780
12/30/22,1736,1752.99,1727,1727,2533312
1/3/23,1731.2,1738.43,1706.01,1730.01,2603380
1/4/23,1730,1738.7,1716,1725.01,2041575
1/5/23,1737,1801,1733,1801,4794285
1/6/23,1806.12,1811.9,1787,1803.77,2490375
1/9/23,1835,1849.98,1807.82,1841.2,3097723
1/10/23,1839.06,1864.5,1830.5,1854.45,2273173
1/11/23,1856,1860,1836.84,1844.95,2272031
1/12/23,1848,1856,1833,1834,1719317
1/13/23,1844.18,1888,1840,1887,3193965
1/16/23,1886,1935,1881,1912.9,3684826
1/17/23,1913.16,1923,1895,1908,2129923
1/18/23,1914,1925.3,1890,1893,2106293
1/19/23,1892.5,1892.52,1866,1880.21,2343889
1/20/23,1889.19,1898.25,1858,1860.01,2560875
1/30/23,1909,1909,1880,1888,3592255
1/31/23,1896.5,1899.95,1833.07,1845.76,3299068
2/1/23,1854.98,1859,1811.4,1844.97,3397389
2/2/23,1848.38,1859,1826,1836.11,2975886
2/3/23,1820,1826,1795.68,1818,3494490
2/6/23,1780,1795,1760,1795,4266095
2/7/23,1808.08,1808.8,1787.73,1797,2432171
2/8/23,1800.01,1805.97,1775,1784,1667577
2/9/23,1778,1829.75,1775.01,1818,2975366
2/10/23,1810.1,1818.49,1801.05,1810,1798451
2/13/23,1810,1874.5,1810,1856.35,3814670
2/14/23,1856.46,1857.4,1835,1843.79,1956576
2/15/23,1843.78,1855.3,1835.81,1841,1817691
2/16/23,1841.34,1887,1828,1861.82,3324595
2/17/23,1850.16,1873,1820.05,1820.78,2644283
2/20/23,1821,1878.8,1817.2,1875,2966869
2/21/23,1874,1874,1851,1867,1875052
2/22/23,1855.01,1863.9,1831.8,1836,2186916
2/23/23,1840,1848.8,1805.25,1818,2188097
2/24/23,1810.11,1810.19,1782.18,1788,2463461
2/27/23,1778.5,1815,1775.02,1810.41,2206489
2/28/23,1819,1822.01,1783.3,1813.74,2395181
3/1/23,1813,1848,1803.23,1838.53,2445810
3/2/23,1829,1838.99,1821.1,1828,1314419
3/3/23,1839.77,1841.61,1802.48,1818.04,1619806
3/6/23,1818.18,1818.5,1796.77,1807.14,2064586
3/7/23,1805.98,1816.6,1788,1788.3,2278539
3/8/23,1780.02,1785.94,1761.12,1770.42,2276370
3/9/23,1768,1785,1740,1770.02,2761150
3/10/23,1751.57,1781,1750,1750,2116082
3/13/23,1751,1775,1749,1762,2056043
3/14/23,1763.78,1779.88,1738.5,1766,2370492
3/15/23,1778.37,1784.88,1750.12,1750.92,1921253
3/16/23,1740,1770,1739.01,1751.99,1764624
3/17/23,1770,1775.89,1736,1742,2702291
3/20/23,1751,1755,1728,1729.6,2049093
3/21/23,1735,1785.85,1723.97,1775,3114182
3/22/23,1780,1793,1765.55,1773.35,1533026
3/23/23,1766,1791.11,1765.01,1774.86,1735566
3/24/23,1769.08,1783.6,1766,1778.62,1276996
3/27/23,1778.6,1778.6,1756,1767.79,1529555
3/28/23,1770,1790,1765.02,1781.8,1726135
3/29/23,1799,1800,1785.07,1790,1539299
3/30/23,1793,1805,1779,1800,1925701
3/31/23,1825,1848,1819,1820,2744633
4/3/23,1825,1827.77,1800.08,1802.07,2141743
4/4/23,1812,1815.17,1787,1814.59,2006626
4/6/23,1805,1815.9,1788.22,1796.96,1487422
4/7/23,1795,1806.01,1788.34,1790.99,1352468
4/10/23,1790.88,1790.88,1744,1771.7,2941822
4/11/23,1793,1793,1744,1745.5,2920919
4/12/23,1747.26,1750,1692.82,1694.1,5110492
4/13/23,1690,1723.59,1684.01,1723,2954268
4/14/23,1726,1733,1704.8,1713.42,2123162
4/17/23,1740,1753,1728,1753,3046723
4/18/23,1753,1769,1746.02,1758,1831389
4/19/23,1762,1765.5,1750,1759,1460056
4/20/23,1760.11,1765,1729,1741.88,1988537
4/21/23,1746,1748.08,1721.28,1725.47,1851787
4/24/23,1721,1722,1701,1705,2023091
4/25/23,1706,1735.98,1702,1730.38,2058251
4/26/23,1744,1761,1720,1743.91,2789160
4/27/23,1748,1770,1730,1757.92,2560504
4/28/23,1763.01,1782.77,1753.97,1760.52,2622464
5/4/23,1769,1777.67,1736,1749.9,2746642
5/5/23,1766,1766,1736.39,1750,2071421
5/8/23,1768.32,1769,1717.17,1720.52,3317126
5/9/23,1715,1739.98,1707.07,1722,2937796
5/10/23,1715.19,1736,1715,1725,2077260
5/11/23,1731,1735,1715,1717.07,1524612
5/12/23,1715,1729.88,1705.01,1706.4,1946045
5/15/23,1702,1717,1691.2,1716.3,2574018
5/16/23,1713.99,1719.99,1697,1703.29,2222377
5/17/23,1708,1713,1699.01,1701,1677691
5/18/23,1704.99,1705.4,1690,1691,1921928
5/19/23,1671,1704.33,1655.55,1699.5,2674116
5/22/23,1690.01,1752,1690,1746,4128432
5/23/23,1753.99,1754,1724.55,1724.55,1689421
5/24/23,1732.33,1733.55,1710.11,1710.9,1847927
5/25/23,1705.99,1710,1690,1701,2246560
5/26/23,1702,1705,1675.01,1690.56,1829110
5/29/23,1697,1698.35,1678,1689,1777141
5/30/23,1689,1698.89,1658.56,1668.29,2645340
5/31/23,1661.01,1665.72,1626.67,1628.9,3695697
6/1/23,1618,1674.99,1618,1635.92,2864525
6/2/23,1645,1673.15,1636.11,1670.6,2505802
6/5/23,1666.16,1682.88,1663,1665,1620050
6/6/23,1670,1684,1651.55,1666.99,1991392
6/7/23,1672.99,1678.8,1650,1650.9,1788964
6/8/23,1655.83,1675,1650.01,1668,1470272
6/9/23,1671.99,1677.97,1666,1666,1758041
6/12/23,1666.02,1708,1661.52,1696,2702944
6/13/23,1693.88,1704.61,1685,1699,1466254
6/14/23,1719,1734.24,1706.21,1726.88,3150580
6/15/23,1730.34,1755.65,1723,1755,2522257
6/16/23,1757,1800,1750.1,1797.69,3791789
6/19/23,1790,1797.95,1738,1744,3169992
6/20/23,1740,1765,1735,1743.46,2094674
6/21/23,1740,1756.6,1735,1735.83,1772061
6/26/23,1720.11,1730,1695,1709,2399268
6/27/23,1709.99,1719.7,1700.09,1711.05,1517446
6/28/23,1713.18,1734,1711,1728.38,1857356
6/29/23,1731,1734.99,1713.01,1713.71,1423116
6/30/23,1700,1708.99,1686.48,1691,2045869
7/3/23,1699,1725.28,1692,1724.1,1913909
7/4/23,1724.2,1734.44,1718.08,1730.6,1247238
7/5/23,1730,1731.97,1700,1715.38,1474539
7/6/23,1709.16,1733,1700,1702.98,1514062
7/7/23,1701,1708.99,1690,1690.03,1516742
7/10/23,1705,1714.96,1700,1700.9,1347741
7/11/23,1710,1715.17,1702.1,1710,1258270
7/12/23,1713.04,1723,1711.33,1713.8,1328467
7/13/23,1721.99,1745.41,1719.01,1738.4,2580654
7/14/23,1756,1758.5,1741.2,1753,1855030
7/17/23,1751,1751,1726.6,1729.97,1433648
7/18/23,1733.58,1734.51,1721,1722.8,1473765
7/19/23,1715.01,1728,1713.8,1723,1248322
7/20/23,1727.99,1748.98,1722,1724,1669265
7/21/23,1731.88,1772.5,1726,1771.3,3937740
7/24/23,1750.52,1771.15,1750.52,1771.15,1971337
7/25/23,1800,1828.88,1799.99,1828.55,4308646
7/26/23,1828.55,1835.99,1815.08,1828.55,1961145
7/27/23,1836,1854.79,1828.7,1838.03,2034043
7/28/23,1832,1900,1828.01,1897,3901792
7/31/23,1908,1935,1874,1880.58,4537861